{
  "n": 200,
  "answer_f1": 0.5570952380952381,
  "answer_f1_std": 0.44270023846140727,
  "exact_match": 0.42,
  "support_f1": 1.0,
  "avg_n_kept": 2.0,
  "avg_n_steps": 2.0,
  "elapsed_sec": 26.81316828727722,
  "by_type": {
    "bridge": {
      "f1": 0.5642246642246642,
      "n": 156
    },
    "comparison": {
      "f1": 0.5318181818181817,
      "n": 44
    }
  },
  "by_level": {
    "hard": {
      "f1": 0.5570952380952381,
      "n": 200
    }
  },
  "variant": "oracle_k3",
  "n_eval": 200
}