{
  "n": 200,
  "answer_f1": 0.27542857142857147,
  "answer_f1_std": 0.4168697301101223,
  "exact_match": 0.2,
  "support_f1": 0.258,
  "avg_n_kept": 2.99,
  "avg_n_steps": 2.99,
  "elapsed_sec": 27.203360557556152,
  "by_type": {
    "bridge": {
      "f1": 0.23644688644688644,
      "n": 156
    },
    "comparison": {
      "f1": 0.4136363636363637,
      "n": 44
    }
  },
  "by_level": {
    "hard": {
      "f1": 0.27542857142857147,
      "n": 200
    }
  },
  "variant": "random_k3",
  "n_eval": 200
}