{
  "n": 200,
  "answer_f1": 0.36732738095238093,
  "answer_f1_std": 0.4451986175507118,
  "exact_match": 0.275,
  "support_f1": 0.3403333333333334,
  "avg_n_kept": 9.91,
  "avg_n_steps": 9.91,
  "elapsed_sec": 72.96675324440002,
  "by_type": {
    "bridge": {
      "f1": 0.350206043956044,
      "n": 156
    },
    "comparison": {
      "f1": 0.428030303030303,
      "n": 44
    }
  },
  "by_level": {
    "hard": {
      "f1": 0.36732738095238093,
      "n": 200
    }
  },
  "variant": "use_all",
  "n_eval": 200
}