{
  "n": 200,
  "answer_f1": 0.36953571428571425,
  "answer_f1_std": 0.44944607489074134,
  "exact_match": 0.28,
  "support_f1": 0.5820000000000001,
  "avg_n_kept": 2.99,
  "avg_n_steps": 3.0,
  "elapsed_sec": 30.45264434814453,
  "by_type": {
    "bridge": {
      "f1": 0.3511141636141636,
      "n": 156
    },
    "comparison": {
      "f1": 0.4348484848484848,
      "n": 44
    }
  },
  "by_level": {
    "hard": {
      "f1": 0.36953571428571425,
      "n": 200
    }
  },
  "variant": "top_k_sim_k3",
  "n_eval": 200
}