{
  "n": 350,
  "answer_f1": 0.3687800510995422,
  "answer_f1_std": 0.3090205878284972,
  "exact_match": 0.09428571428571429,
  "support_f1": 0.3999999999999999,
  "avg_n_kept": 8.0,
  "avg_n_steps": 8.0,
  "elapsed_sec": 164.378915309906,
  "by_type": {
    "bridge": {
      "f1": 0.34409339833443187,
      "n": 305
    },
    "comparison": {
      "f1": 0.5361006976186229,
      "n": 45
    }
  },
  "by_level": {
    "hard": {
      "f1": 0.3687800510995422,
      "n": 350
    }
  },
  "variant": "use_all",
  "domain": "sports",
  "n_eval": 350
}