{
  "n": 350,
  "answer_f1": 0.21668458423572548,
  "answer_f1_std": 0.28123474881335875,
  "exact_match": 0.04857142857142857,
  "support_f1": 0.36704761904761907,
  "avg_n_kept": 1.5257142857142858,
  "avg_n_steps": 8.0,
  "elapsed_sec": 79.53305768966675,
  "by_type": {
    "bridge": {
      "f1": 0.19502041317659763,
      "n": 305
    },
    "comparison": {
      "f1": 0.36351952141425825,
      "n": 45
    }
  },
  "by_level": {
    "hard": {
      "f1": 0.21668458423572548,
      "n": 350
    }
  },
  "variant": "rl_step_seed123_best_greedy",
  "domain": "sports",
  "n_eval": 350,
  "ckpt": "models/step_seed123_best.pt",
  "policy_mode": "greedy"
}