{
  "n": 350,
  "answer_f1": 0.29615983906314364,
  "answer_f1_std": 0.30772688335548287,
  "exact_match": 0.08285714285714285,
  "support_f1": 0.508,
  "avg_n_kept": 1.84,
  "avg_n_steps": 8.0,
  "elapsed_sec": 82.38924241065979,
  "by_type": {
    "bridge": {
      "f1": 0.2678044624857297,
      "n": 305
    },
    "comparison": {
      "f1": 0.4883462803100607,
      "n": 45
    }
  },
  "by_level": {
    "hard": {
      "f1": 0.29615983906314364,
      "n": 350
    }
  },
  "variant": "rl_step_seed42_best_greedy",
  "domain": "sports",
  "n_eval": 350,
  "ckpt": "models/step_seed42_best.pt",
  "policy_mode": "greedy"
}