{
  "n": 350,
  "answer_f1": 0.451654132579501,
  "answer_f1_std": 0.3045885680996638,
  "exact_match": 0.09714285714285714,
  "support_f1": 1.0,
  "avg_n_kept": 2.0,
  "avg_n_steps": 2.0,
  "elapsed_sec": 85.81191086769104,
  "by_type": {
    "bridge": {
      "f1": 0.44182342803344343,
      "n": 305
    },
    "comparison": {
      "f1": 0.5182844633916682,
      "n": 45
    }
  },
  "by_level": {
    "hard": {
      "f1": 0.451654132579501,
      "n": 350
    }
  },
  "variant": "oracle",
  "domain": "sports",
  "n_eval": 350
}