{
  "n": 200,
  "answer_f1": 0.3559880952380952,
  "answer_f1_std": 0.44313195374482445,
  "exact_match": 0.27,
  "support_f1": 0.49083333333333334,
  "avg_n_kept": 1.995,
  "avg_n_steps": 9.91,
  "elapsed_sec": 29.162423372268677,
  "by_type": {
    "bridge": {
      "f1": 0.32562576312576313,
      "n": 156
    },
    "comparison": {
      "f1": 0.4636363636363636,
      "n": 44
    }
  },
  "by_level": {
    "hard": {
      "f1": 0.3559880952380952,
      "n": 200
    }
  },
  "variant": "rl_sparse_seed42_best_greedy",
  "n_eval": 200,
  "ckpt": "models/sparse_seed42_best.pt",
  "policy_mode": "greedy"
}