{
  "n": 350,
  "answer_f1": 0.38556996967165436,
  "answer_f1_std": 0.3151177827840908,
  "exact_match": 0.09714285714285714,
  "support_f1": 0.6662857142857143,
  "avg_n_kept": 3.0,
  "avg_n_steps": 3.0,
  "elapsed_sec": 95.27417254447937,
  "by_type": {
    "bridge": {
      "f1": 0.3661965689839529,
      "n": 305
    },
    "comparison": {
      "f1": 0.516878574332742,
      "n": 45
    }
  },
  "by_level": {
    "hard": {
      "f1": 0.38556996967165436,
      "n": 350
    }
  },
  "variant": "top_k_sim_k3",
  "domain": "sports",
  "n_eval": 350
}