{
  "n": 200,
  "answer_f1": 0.37234523809523806,
  "answer_f1_std": 0.4482819102530134,
  "exact_match": 0.28,
  "support_f1": 0.5275,
  "avg_n_kept": 1.995,
  "avg_n_steps": 9.91,
  "elapsed_sec": 30.33588194847107,
  "by_type": {
    "bridge": {
      "f1": 0.3363400488400488,
      "n": 156
    },
    "comparison": {
      "f1": 0.5,
      "n": 44
    }
  },
  "by_level": {
    "hard": {
      "f1": 0.37234523809523806,
      "n": 200
    }
  },
  "variant": "rl_step_seed7_best_greedy",
  "n_eval": 200,
  "ckpt": "models/step_seed7_best.pt",
  "policy_mode": "greedy"
}