{
  "n": 350,
  "answer_f1": 0.2627445239774247,
  "answer_f1_std": 0.2966166255107525,
  "exact_match": 0.06571428571428571,
  "support_f1": 0.30514285714285716,
  "avg_n_kept": 3.0,
  "avg_n_steps": 3.0,
  "elapsed_sec": 80.88785791397095,
  "by_type": {
    "bridge": {
      "f1": 0.24049112899075137,
      "n": 305
    },
    "comparison": {
      "f1": 0.4135730899982108,
      "n": 45
    }
  },
  "by_level": {
    "hard": {
      "f1": 0.2627445239774247,
      "n": 350
    }
  },
  "variant": "random_k3",
  "domain": "sports",
  "n_eval": 350
}