{
  "overall": {
    "n": 200,
    "f1": 0.46320670995671004,
    "em": 0.37,
    "avg_search": 2.0,
    "has_ans": 1.0
  },
  "bridge": {
    "n": 161,
    "f1": 0.432111263477723,
    "em": 0.33540372670807456,
    "avg_search": 2.0,
    "has_ans": 1.0
  },
  "comparison": {
    "n": 39,
    "f1": 0.5915750915750916,
    "em": 0.5128205128205128,
    "avg_search": 2.0,
    "has_ans": 1.0
  },
  "_meta": {
    "model": "models/sol_a/rl_s7_v2/best",
    "dataset": "hotpot",
    "n": 200,
    "max_turns": 3
  }
}