{
  "overall": {
    "n": 350,
    "f1": 0.3173200742730136,
    "em": 0.10571428571428572,
    "avg_search": 1.9857142857142858,
    "has_ans": 0.96
  },
  "bridge": {
    "n": 305,
    "f1": 0.2918024591292632,
    "em": 0.06229508196721312,
    "avg_search": 1.9836065573770492,
    "has_ans": 0.9540983606557377
  },
  "comparison": {
    "n": 45,
    "f1": 0.4902727991362105,
    "em": 0.4,
    "avg_search": 2.0,
    "has_ans": 1.0
  },
  "_meta": {
    "model": "models/sol_a/rl_s7_v2/best",
    "dataset": "sports",
    "n": 350,
    "max_turns": 3
  }
}