{
  "overall": {
    "n": 150,
    "f1": 0.005151515151515152,
    "em": 0.0,
    "avg_search": 0.16666666666666666,
    "has_ans": 0.013333333333333334
  },
  "bridge": {
    "n": 150,
    "f1": 0.005151515151515152,
    "em": 0.0,
    "avg_search": 0.16666666666666666,
    "has_ans": 0.013333333333333334
  },
  "_meta": {
    "model": "frozen-base",
    "dataset": "sports",
    "n": 150,
    "max_turns": 3
  }
}