{
  "overall": {
    "n": 200,
    "f1": 0.43357814407814405,
    "em": 0.34,
    "avg_search": 1.98,
    "has_ans": 1.0
  },
  "bridge": {
    "n": 161,
    "f1": 0.4348155984801947,
    "em": 0.3416149068322981,
    "avg_search": 1.9937888198757765,
    "has_ans": 1.0
  },
  "comparison": {
    "n": 39,
    "f1": 0.42846967846967854,
    "em": 0.3333333333333333,
    "avg_search": 1.9230769230769231,
    "has_ans": 1.0
  },
  "_meta": {
    "model": "models/sol_a/sft/best",
    "dataset": "hotpot",
    "n": 200,
    "max_turns": 3
  }
}