{
  "overall": {
    "n": 350,
    "f1": 0.28231135035305044,
    "em": 0.1,
    "avg_search": 2.0142857142857142,
    "has_ans": 0.9285714285714286
  },
  "bridge": {
    "n": 305,
    "f1": 0.2599630003387217,
    "em": 0.06229508196721312,
    "avg_search": 2.0098360655737704,
    "has_ans": 0.9180327868852459
  },
  "comparison": {
    "n": 45,
    "f1": 0.4337835004501671,
    "em": 0.35555555555555557,
    "avg_search": 2.0444444444444443,
    "has_ans": 1.0
  },
  "_meta": {
    "model": "models/sol_a/rl_s42_v2/best",
    "dataset": "sports",
    "n": 350,
    "max_turns": 3
  }
}