{
  "overall": {
    "n": 200,
    "f1": 0.47868909685086164,
    "em": 0.37,
    "avg_search": 2.0,
    "has_ans": 0.99
  },
  "bridge": {
    "n": 161,
    "f1": 0.4546961076920888,
    "em": 0.3416149068322981,
    "avg_search": 2.0,
    "has_ans": 0.9875776397515528
  },
  "comparison": {
    "n": 39,
    "f1": 0.5777370777370777,
    "em": 0.48717948717948717,
    "avg_search": 2.0,
    "has_ans": 1.0
  },
  "_meta": {
    "model": "models/sol_a/rl_s123_v2/best",
    "dataset": "hotpot",
    "n": 200,
    "max_turns": 3
  }
}