{
  "overall": {
    "n": 350,
    "f1": 0.29857089766444705,
    "em": 0.09428571428571429,
    "avg_search": 1.8971428571428572,
    "has_ans": 0.9657142857142857
  },
  "bridge": {
    "n": 305,
    "f1": 0.28155623075596675,
    "em": 0.06557377049180328,
    "avg_search": 1.901639344262295,
    "has_ans": 0.9606557377049181
  },
  "comparison": {
    "n": 45,
    "f1": 0.41389252893303535,
    "em": 0.28888888888888886,
    "avg_search": 1.8666666666666667,
    "has_ans": 1.0
  },
  "_meta": {
    "model": "models/sol_a/sft/best",
    "dataset": "sports",
    "n": 350,
    "max_turns": 3
  }
}