{
  "overall": {
    "n": 150,
    "f1": 0.005767195767195767,
    "em": 0.0,
    "avg_search": 0.2,
    "has_ans": 0.04
  },
  "bridge": {
    "n": 120,
    "f1": 0.005357142857142857,
    "em": 0.0,
    "avg_search": 0.21666666666666667,
    "has_ans": 0.03333333333333333
  },
  "comparison": {
    "n": 30,
    "f1": 0.007407407407407407,
    "em": 0.0,
    "avg_search": 0.13333333333333333,
    "has_ans": 0.06666666666666667
  },
  "_meta": {
    "model": "frozen-base",
    "dataset": "hotpot",
    "n": 150,
    "max_turns": 3
  }
}