{
  "overall": {
    "n": 200,
    "f1": 0.4664075091575091,
    "em": 0.375,
    "avg_search": 2.0,
    "has_ans": 1.0
  },
  "bridge": {
    "n": 161,
    "f1": 0.4495449684890677,
    "em": 0.34782608695652173,
    "avg_search": 2.0,
    "has_ans": 1.0
  },
  "comparison": {
    "n": 39,
    "f1": 0.536019536019536,
    "em": 0.48717948717948717,
    "avg_search": 2.0,
    "has_ans": 1.0
  },
  "_meta": {
    "model": "models/sol_a/rl_s42_v2/best",
    "dataset": "hotpot",
    "n": 200,
    "max_turns": 3
  }
}