{
  "overall": {
    "n": 200,
    "f1": 0.40203658841158835,
    "em": 0.3,
    "avg_search": 2.0,
    "has_ans": 0.975
  },
  "bridge": {
    "n": 166,
    "f1": 0.3650684656708752,
    "em": 0.26506024096385544,
    "avg_search": 2.0,
    "has_ans": 0.9698795180722891
  },
  "comparison": {
    "n": 34,
    "f1": 0.5825280112044818,
    "em": 0.47058823529411764,
    "avg_search": 2.0,
    "has_ans": 1.0
  },
  "_meta": {
    "model": "models/sol_a/sft/best",
    "dataset": "hotpot",
    "n": 200,
    "max_turns": 3
  }
}