{
  "overall": {
    "n": 350,
    "f1": 0.3382023302861818,
    "em": 0.10285714285714286,
    "avg_search": 1.997142857142857,
    "has_ans": 0.9714285714285714
  },
  "bridge": {
    "n": 305,
    "f1": 0.3000657626016289,
    "em": 0.05573770491803279,
    "avg_search": 1.9967213114754099,
    "has_ans": 0.9672131147540983
  },
  "comparison": {
    "n": 45,
    "f1": 0.596683511259262,
    "em": 0.4222222222222222,
    "avg_search": 2.0,
    "has_ans": 1.0
  },
  "_meta": {
    "model": "models/sol_a/rl_s123_v2/best",
    "dataset": "sports",
    "n": 350,
    "max_turns": 3
  }
}