{
  "step": {
    "answer_f1_mean": 0.35526587301587303,
    "answer_f1_std": 0.012120806828584602,
    "support_f1_mean": 0.5333333333333333,
    "support_f1_std": 0.005137011669140842,
    "exact_match_mean": 0.26166666666666666,
    "seeds": [
      42,
      123,
      7
    ]
  },
  "sparse": {
    "answer_f1_mean": 0.3535515873015873,
    "answer_f1_std": 0.0024624414794687842,
    "support_f1_mean": 0.5122222222222222,
    "support_f1_std": 0.02679079904706554,
    "exact_match_mean": 0.26666666666666666,
    "seeds": [
      42,
      123,
      7
    ]
  }
}